"Contents","...2","...3","...4","...5","...6","...7","...8","...9","...10","...11","...12","...13","...14","...15","...16","...17","...18","...19","...20","...21"
"Table 5a",NA,NA,NA,NA,NA,NA,NA,NA,NA,NA,NA,NA,NA,NA,NA,NA,NA,NA,NA,NA
"Median house price (existing dwellings) by local authority district, England and Wales, year ending September 2002 to year ending September 2018 (£)",NA,NA,NA,NA,NA,NA,NA,NA,NA,NA,NA,NA,NA,NA,NA,NA,NA,NA,NA,NA
NA,NA,NA,NA,NA,NA,NA,NA,NA,NA,NA,NA,NA,NA,NA,NA,NA,NA,NA,NA,NA
NA,NA,NA,NA,NA,NA,NA,NA,NA,NA,NA,NA,NA,NA,NA,NA,NA,NA,NA,NA,NA
NA,NA,NA,NA,NA,NA,NA,NA,NA,NA,NA,NA,NA,NA,NA,NA,NA,NA,NA,NA,NA
"Region code","Region name","Local authority code","Local authority name","Year ending Sep 2002","Year ending Sep 2003","Year ending Sep 2004","Year ending Sep 2005","Year ending Sep 2006","Year ending Sep 2007","Year ending Sep 2008","Year ending Sep 2009","Year ending Sep 2010","Year ending Sep 2011","Year ending Sep 2012","Year ending Sep 2013","Year ending Sep 2014","Year ending Sep 2015","Year ending Sep 2016","Year ending Sep 2017","Year ending Sep 2018"
"E12000001","North East","E06000047","County Durham","45500","54500","73000","85000","92500","98955","100000","95000","102000","93675","93000","95000","100000","99622","100000","102500","105000"
"E12000001","North East","E06000005","Darlington","55000","65000","89500","100000","109950","120000","119000","117500","123000","119000","118000","115000","120000","123000","127500","130600","129000"
"E12000001","North East","E06000001","Hartlepool","43950","45000","50000","57500","82000","97500","102000","90000","100000","98000","95000","109000","103000","110000","110000","112500","110000"
"E12000001","North East","E06000002","Middlesbrough","45500","45000","60000","70000","92375","102000","95000","102000","104975","93000","99000","102000","113250","110000","120000","112000","120000"
"E12000001","North East","E06000057","Northumberland","63000","79950","101000","115000","129400","135000","140000","130000","140000","131150","133000","132000","140000","148200","147250","150000","150000"
"E12000001","North East","E06000003","Redcar and Cleveland","51000","64247.5","82000","95000","110000","120000","117500","113750","117500","110000","112000","112000","120000","123000","123000","122000","125000"
"E12000001","North East","E06000004","Stockton-on-Tees","59000","74997.5","95000","105000","119950","128000","124950","122000","126500","122500","123500","125000","130000","132500","132000","131000","135000"
"E12000001","North East","E08000037","Gateshead","55000","67500","86500","95000","110000","115750","116000","115000","115000","112000","110000","117000","119950","124500","124000","127000","129950"
"E12000001","North East","E08000021","Newcastle upon Tyne","72000","89950","119500","120000","136000","143000","140000","129950","139000","132500","130000","131983","135000","145350","150000","150000","155000"
"E12000001","North East","E08000022","North Tyneside","59950","79950","104000","110000","120000","129975","126500","125000","137000","130000","130500","133000","138000","145000","149500","150000","155000"
"E12000001","North East","E08000023","South Tyneside","49500","60000","81000","93950","104000","112000","111950","104000","110000","101675","103500","110000","110000","117500","122000","121000","127500"
"E12000001","North East","E08000024","Sunderland","50000","62000","82500","92000","101000","110000","108500","99950","105000","100000","100500","104000","105000","109250","111000","115000","117500"
"E12000002","North West","E06000008","Blackburn with Darwen","39000","45000","60000","75000","85000","96000","100000","97000","97000","91500","95000","95000","93500","100000","102500","105000","110000"
"E12000002","North West","E06000009","Blackpool","54000","67000","86950","100000","112000","117500","117000","102000","105000","98000","95000","94000","99000","100000","103000","110000","110000"
"E12000002","North West","E06000049","Cheshire East","95950","120000","141200","152500","160000","170000","175000","165000","175000","169000","170000","170000","180000","185000","192000","204997.5","219950"
"E12000002","North West","E06000050","Cheshire West and Chester","89000","109500","135000","145000","152500","160000","161000","155000","163000","155950","156000","160000","162000","172000","177500","182000","188000"
"E12000002","North West","E06000006","Halton","56000","69000","85000","99000","110000","115000","116000","113000","120000","110000","109725","111562.5","118500","120000","125000","130000","130000"
"E12000002","North West","E06000007","Warrington","82500","98000","125000","134000","138000","147000","146000","138125","149995","145000","146000","146000","152000","159950","160000","172500","175000"
"E12000002","North West","E07000026","Allerdale","58950","70000","90000","105000","123000","140000","136000","130000","144000","130562","135000","135000","138000","139950","136000","149950","154800"
"E12000002","North West","E07000027","Barrow-in-Furness","39500","45000","56000","70000","80000","89950","100000","90750","102000","95000","92000","98750","100000","105000","111500","117250","119975"
"E12000002","North West","E07000028","Carlisle","52000","66000","87000","99950","115000","123000","123000","115950","121000","118500","120000","120000","122500","121000","125000","125000","133750"
"E12000002","North West","E07000029","Copeland","43250","49000","68000","83000","93000","105000","110000","99725","112500","110000","107300","107500","110000","114000","118000","120000","117500"
"E12000002","North West","E07000030","Eden","85000","114000","148250","165000","175000","184000","186250","175000","180000","176250","169400","174500","174000","182500","181950","180000","197750"
"E12000002","North West","E07000031","South Lakeland","97000","128000","161000","175000","190000","198250","210000","190000","200000","197500","195000","190000","200000","210000","215000","222000","220000"
"E12000002","North West","E08000001","Bolton","50000","59000","78000","94000","105000","116725","115000","107956","110000","105000","104500","108000","110500","117500","120000","124999","129995"
"E12000002","North West","E08000002","Bury","65000","77950","95000","114850","122000","129000","132500","125000","130000","120000","123000","123050","131350","140000","147000","155000","160000"
"E12000002","North West","E08000003","Manchester","55000","65000","86500","99950","118622.5","130000","128000","120000","123550","122500","123436","124000","130000","136500","144950","160000","166000"
"E12000002","North West","E08000004","Oldham","48000","55950","70000","85000","98000","110000","112000","100000","105000","102655","105000","108000","114000","115000","118000","124995","125000"
"E12000002","North West","E08000005","Rochdale","50000","59950","79950","90400","95000","110000","110000","100000","107500","99500","100000","105000","112000","115000","118997.5","122000","126000"
"E12000002","North West","E08000006","Salford","52000","64500","84000","94950","110000","119747.5","119000","114000","111000","108000","110000","108950","115000","123000","132000","146000","150250"
"E12000002","North West","E08000007","Stockport","89000","109950","134000","141000","150000","164475","163071.5","155000","160000","159000","160000","162000","170000","180000","190000","200000","217500"
"E12000002","North West","E08000008","Tameside","52000","65000","83000","94800","107000","120000","121000","105000","108000","105000","105000","107000","115000","118000","125000","130000","137250"
"E12000002","North West","E08000009","Trafford","110000","126950","153000","169000","175000","186850","185000","172936","185000","185000","184250","190000","199950","219250","235000","250000","270000"
"E12000002","North West","E08000010","Wigan","51000","63000","84500","94950","105000","114500","115000","105000","112000","107000","105000","106000","115000","118000","120000","126000","128000"
"E12000002","North West","E07000117","Burnley","29950","29950","36000","45000","61000","75000","80000","72500","74600","72000","74000","72000","77000","75000","81000","80000","85000"
"E12000002","North West","E07000118","Chorley","68000","84000","110000","125000","133000","137925","145000","132750","137487.5","132623","130000","135000","139725","150000","151500","156000","159000"
"E12000002","North West","E07000119","Fylde","82950","115000","140000","152500","165000","174950","169250","160000","170000","160000","155000","160000","164000","170500","177250","184500","180000"
"E12000002","North West","E07000120","Hyndburn","36000","37500","52000","66000","76000","90000","94000","82500","85000","85000","86000","86250","85000","88200","95000","96000","99725"
"E12000002","North West","E07000121","Lancaster","59000","76000","97500","117000","121000","130000","135000","124500","131000","125000","125000","130000","133000","135000","142500","145000","150000"
"E12000002","North West","E07000122","Pendle","33000","36000","46000","58100","75000","89725","92000","82500","85000","84500","80000","82500","88000","90000","95000","97250","100000"
"E12000002","North West","E07000123","Preston","55995","67000","86750","102230","115000","124950","124950","120000","123995","114950","121000","120000","124999.5","124997.5","123250","126000","130000"
"E12000002","North West","E07000124","Ribble Valley","84000","105500","145000","160500","172000","182500","185000","160000","174000","185000","173000","178250","179950","187000","185000","195995","197500"
"E12000002","North West","E07000125","Rossendale","45000","58500","77000","89950","100000","111775","110000","105000","110000","105000","102500","105000","108000","119725","119000","123475","128750"
"E12000002","North West","E07000126","South Ribble","70000","87000","117500","124997.5","131250","144000","143500","135000","140000","135000","132000","135000","140000","143000","150000","153000","155000"
"E12000002","North West","E07000127","West Lancashire","80000","99000","126950","137500","146250","157250","158000","151000","160000","150000","155000","157250","158000","162000","174999.5","179950","178500"
"E12000002","North West","E07000128","Wyre","70000","89950","117000","134000","138000","148000","145000","137725","140000","135000","131000","132500","130000","137500","140000","146500","148500"
"E12000002","North West","E08000011","Knowsley","55000","61500","88410","100000","111250","117000","113500","105000","108253","105000","103000","105000","108000","114725","115000","119995","122000"
"E12000002","North West","E08000012","Liverpool","48000","54950","79950","90000","103000","115310","115000","110000","112000","105000","109950","110000","112000","118000","118000","124000","127000"
"E12000002","North West","E08000014","Sefton","76500","92500","121000","133500","142000","150000","148000","145000","149950","140000","140000","135000","145000","147000","157000","160000","165000"
"E12000002","North West","E08000013","St. Helens","55000","65000","88000","99950","112000","120000","120000","110000","114950","107000","103500","104000","112000","111475","117750","125000","126000"
"E12000002","North West","E08000015","Wirral","66950","79000","105000","119950","129000","138825","137500","130000","135000","134000","135000","135000","140000","142000","149000","152000","159950"
"E12000003","Yorkshire and The Humber","E06000011","East Riding of Yorkshire","70000","89950","120000","128000","139000","148000","149000","135250","145000","138000","140000","138000","147000","150000","155000","165000","165000"
"E12000003","Yorkshire and The Humber","E06000010","Kingston upon Hull, City of","36950","45125","56000","66950","79000","88000","92000","80000","90000","85500","84950","86000","90000","94000","96000","108000","107000"
"E12000003","Yorkshire and The Humber","E06000012","North East Lincolnshire","47050","52500","72000","80000","94950","105000","107000","100000","112000","105000","105000","103500","115000","115000","120000","125000","126750"
"E12000003","Yorkshire and The Humber","E06000013","North Lincolnshire","53000","69000","89950","100000","110000","119500","122000","114000","117000","114000","110000","112000","120000","123000","126000","132500","136000"
"E12000003","Yorkshire and The Humber","E06000014","York","100225","128000","144000","159950","164000","178000","179950","163416.5","175000","175000","175000","180000","188000","205050","215000","226000","235000"
"E12000003","Yorkshire and The Humber","E07000163","Craven","87950","115000","137000","152000","167750","177000","175000","163500","174750","175375","170000","168000","175000","182500","182000","200000","197500"
"E12000003","Yorkshire and The Humber","E07000164","Hambleton","110000","133250","171000","190000","187975","204250","197000","180000","197250","198975","200000","195000","200000","205000","213999.5","223250","226000"
"E12000003","Yorkshire and The Humber","E07000165","Harrogate","119000","148500","170000","184950","191000","215000","212500","195000","215000","212000","210000","212000","220000","237000","250000","255000","267500"
"E12000003","Yorkshire and The Humber","E07000166","Richmondshire","83950","119000","152000","160000","167500","185000","186000","175000","190000","196250","180000","190950","187500","184000","195000","200000","200000"
"E12000003","Yorkshire and The Humber","E07000167","Ryedale","96000","129000","158750","180000","182000","195000","202000","170000","189000","188000","175000","180000","178500","185000","200000","210000","220000"
"E12000003","Yorkshire and The Humber","E07000168","Scarborough","69950","89950","120000","138000","140000","150000","151000","135000","145000","144000","137000","138000","143000","148500","145000","155000","156050"
"E12000003","Yorkshire and The Humber","E07000169","Selby","84000","110000","135995","145000","150000","160000","163750","145000","158200","152850","154000","155000","159000","164950","174000","180000","190000"
"E12000003","Yorkshire and The Humber","E08000016","Barnsley","41250","52995","71800","85000","94950","106000","106000","97000","98000","95000","97000","99000","105000","106000","112000","115000","119975"
"E12000003","Yorkshire and The Humber","E08000017","Doncaster","47000","62000","85000","95000","105000","113000","115000","105000","112000","108000","106500","106500","115000","117500","120000","125000","123000"
"E12000003","Yorkshire and The Humber","E08000018","Rotherham","52000","65000","84000","97000","110000","119000","120000","112000","114250","110000","111000","115000","117500","122000","125000","130000","134000"
"E12000003","Yorkshire and The Humber","E08000019","Sheffield","63250","78750","100000","113000","122500","130000","130000","122750","130000","123500","125000","125000","130000","138500","140000","148750","157000"
"E12000003","Yorkshire and The Humber","E08000032","Bradford","53000","62500","82000","95000","110000","122500","124500","115000","120000","120000","115000","116500","120000","125000","125000","129000","131000"
"E12000003","Yorkshire and The Humber","E08000033","Calderdale","52500","65000","85000","98500","111000","122500","123000","112000","121750","118000","113000","119000","120000","125000","131375","133000","139995"
"E12000003","Yorkshire and The Humber","E08000034","Kirklees","57000","72000","93200","108000","119950","125000","127000","120000","125000","120000","120000","122000","125000","130000","135500","138500","145000"
"E12000003","Yorkshire and The Humber","E08000035","Leeds","76000","94000","117000","129000","135000","145000","144000","135000","145000","140000","140000","140000","145000","150000","158945","165000","172500"
"E12000003","Yorkshire and The Humber","E08000036","Wakefield","57972.5","77000","94000","110000","116000","124950","125000","117500","123000","115000","114000","117000","121500","123000","127000","135000","135000"
"E12000004","East Midlands","E06000015","Derby","62950","79000","100000","115000","119995","125000","125000","120000","124500","119000","121000","125000","130000","135000","139000","144725","150000"
"E12000004","East Midlands","E06000016","Leicester","64500","83000","105000","115000","118000","124900","125000","118000","120000","120000","119975","121000","125000","129000","139000","148000","160500"
"E12000004","East Midlands","E06000018","Nottingham","59950","79950","92997.5","98950","105000","106000","103000","98000","100000","95000","96000","95500","105000","110000","118000","127500","131730"
"E12000004","East Midlands","E06000017","Rutland","125000","154950","179950","195000","205500","210000","225000","202500","220000","209250","211350","217000","225000","228000","243000","267000","270000"
"E12000004","East Midlands","E07000032","Amber Valley","66000","84000","103000","115000","123000","130000","135000","125000","131000","126000","125000","127750","131000","143500","145000","152000","160000"
"E12000004","East Midlands","E07000033","Bolsover","41350","59950","78600","91000","97000","106995","110000","97000","102000","92500","93500","92650","102000","103500","111000","119995","124000"
"E12000004","East Midlands","E07000034","Chesterfield","56000","70000","93000","106975","117000","124950","125000","115000","122500","118000","116750","122000","125000","126125","135000","140000","148000"
"E12000004","East Midlands","E07000035","Derbyshire Dales","119000","139975","174000","197000","198000","220825","200000","185000","215000","205000","200000","210000","217000","220000","225000","236500","244000"
"E12000004","East Midlands","E07000036","Erewash","67500","84950","105000","115000","118500","124995","123500","116500","118000","117000","118000","120000","125000","133000","139950","145000","152500"
"E12000004","East Midlands","E07000037","High Peak","82500","100000","127500","135000","142975","155000","154000","146000","145000","143000","150000","148000","150000","155000","165000","172500","178000"
"E12000004","East Midlands","E07000038","North East Derbyshire","68225","87500","113000","127250","136975","144950","144500","140000","138000","142629","139000","140500","151000","155000","165000","172500","177700"
"E12000004","East Midlands","E07000039","South Derbyshire","76000","99000","122950","130000","139950","150000","149950","140000","146400","140000","145000","142750","150000","158500","164000","175000","179975"
"E12000004","East Midlands","E07000129","Blaby","89950","118000","135000","145000","150000","159000","158250","143750","148250","150000","148500","150000","160000","168000","180000","190000","206000"
"E12000004","East Midlands","E07000130","Charnwood","85000","110000","132500","142000","146000","155000","155000","139000","149975","150000","150000","150000","159972.5","165000","175000","185000","193000"
"E12000004","East Midlands","E07000131","Harborough","110000","145000","160000","172750","179950","190000","190000","175000","200000","185000","185000","190000","205000","219000","230000","243975","252000"
"E12000004","East Midlands","E07000132","Hinckley and Bosworth","85000","105000","124950","138975","143000","151000","150000","142000","147500","144000","143000","142000","150000","160000","165000","182500","193000"
"E12000004","East Midlands","E07000133","Melton","92500","116000","139000","146000","155000","160000","160000","147000","155000","155000","155000","160000","165000","170000","189495","192000","199950"
"E12000004","East Midlands","E07000134","North West Leicestershire","81000","105000","128500","136000","141000","150000","153000","140000","143250","145000","138000","145000","150000","156345","165500","171000","184000"
"E12000004","East Midlands","E07000135","Oadby and Wigston","84950","110000","133000","141000","145000","153950","155500","133500","147725","147000","140000","146000","151500","162500","174950","185000","200000"
"E12000004","East Midlands","E07000136","Boston","65000","82950","100000","109500","117000","125000","124950","115000","119000","120000","124995","123250","129000","135000","142000","145000","150000"
"E12000004","East Midlands","E07000137","East Lindsey","74000","92000","123000","130000","135000","144997.5","142975","130000","136250","133250","129000","130000","137250","145000","148000","159950","163500"
"E12000004","East Midlands","E07000138","Lincoln","59950","79000","97000","105000","114950","119500","120000","113500","115000","111000","115000","118000","124950","130000","134950","142500","145000"
"E12000004","East Midlands","E07000139","North Kesteven","79675","110000","130500","137500","141750","151000","155000","140000","148000","140000","141000","140250","152500","159000","170000","179950","185000"
"E12000004","East Midlands","E07000140","South Holland","80000","99000","126000","132625","136000","147500","145000","130000","138000","135000","135750","135000","145000","154000","161000","170000","185000"
"E12000004","East Midlands","E07000141","South Kesteven","87000","114000","134725","146500","150000","162500","165000","144500","157000","152500","150000","155000","165000","171000","184972.5","192000","205000"
"E12000004","East Midlands","E07000142","West Lindsey","65500","84000","116000","120000","128000","138995","142000","132750","144000","138000","134000","134000","150000","152000","154950","167500","175000"
"E12000004","East Midlands","E07000150","Corby","51950","60000","82000","90000","97000","118250","122500","109000","110500","103167","108000","112000","120500","128000","139950","160000","170000"
"E12000004","East Midlands","E07000151","Daventry","115950","138000","154000","163250","169000","185000","190000","175000","187500","176250","178000","185000","195500","205000","225000","249999","256000"
"E12000004","East Midlands","E07000152","East Northamptonshire","84000","112000","129000","136000","140000","149995","151750","140000","154950","147300","147000","145000","158000","166500","185000","195000","215000"
"E12000004","East Midlands","E07000153","Kettering","75000","93000","116850","120000","128500","138000","138000","127000","130000","125000","125000","130750","142000","151000","164000","178000","192500"
"E12000004","East Midlands","E07000154","Northampton","86500","107000","124000","128000","135000","142500","145000","129000","135000","134250","137000","138750","149995","159995","170000","188000","198000"
"E12000004","East Midlands","E07000155","South Northamptonshire","133000","163750","175250","186950","190000","215000","218000","192000","210000","212000","210000","215000","230000","250000","269475","280000","285000"
"E12000004","East Midlands","E07000156","Wellingborough","79000","92000","114250","124950","128000","135000","139995","127000","138000","133750","125000","135000","138250","154000","163500","185000","198500"
"E12000004","East Midlands","E07000170","Ashfield","53425","68000","86000","95000","102000","114500","110000","99950","100000","102500","102000","100000","111500","118000","120000","130000","135000"
"E12000004","East Midlands","E07000171","Bassetlaw","59500","76500","96000","110000","119400","124995","122000","118875","124950","120000","115000","120000","124995","126750","133725","140000","145000"
"E12000004","East Midlands","E07000172","Broxtowe","80000","102750","125000","133000","130000","139000","136750","129500","132000","130250","130000","135000","139000","147875","159000","160000","172875"
"E12000004","East Midlands","E07000173","Gedling","80000","99500","119950","129000","130000","134950","129125","123500","132500","127500","126000","125000","136000","142000","150300.5","163000","170000"
"E12000004","East Midlands","E07000174","Mansfield","47500","60000","81000","90000","98000","105000","109950","97000","105000","100000","98000","104000","110000","115000","122000","125000","130500"
"E12000004","East Midlands","E07000175","Newark and Sherwood","70000","91500","116000","125000","128000","137000","139475","131000","142000","135000","140000","140000","148000","146950","159997.5","165000","175000"
"E12000004","East Midlands","E07000176","Rushcliffe","120000","152500","171250","181000","187725","195000","187000","184975","193375","192000","189950","195000","202250","225000","239997.5","251025","252000"
"E12000005","West Midlands","E06000019","Herefordshire, County of","105000","130000","157700","165000","174000","185000","190000","174950","189950","179950","182000","181000","187500","200000","200000","215000","227000"
"E12000005","West Midlands","E06000051","Shropshire","95000","121500","145000","155000","167000","175000","182500","165000","175000","169000","166950","170000","173500","179950","188500","197000","200000"
"E12000005","West Midlands","E06000021","Stoke-on-Trent","37000","42000","60000","72950","80000","87264","90000","84000","85000","82500","86000","87500","92000","93000","100000","104500","108000"
"E12000005","West Midlands","E06000020","Telford and Wrekin","69995","86000","108000","116000","124500","130000","132000","127500","133250","129950","132725","133481","136000","135000","144950","152000","155000"
"E12000005","West Midlands","E07000192","Cannock Chase","68000","85000","105000","114950","123000","130000","130000","120000","124950","124995","124375","125000","130000","135000","140000","148000","157250"
"E12000005","West Midlands","E07000193","East Staffordshire","72000","88000","110000","123000","125000","139950","136250","130000","142000","130000","130000","140000","142975","150000","150000","160000","165000"
"E12000005","West Midlands","E07000194","Lichfield","100000","129500","150000","165000","168000","180000","185000","172500","182500","178000","180000","182500","195000","200000","210000","225500","232500"
"E12000005","West Midlands","E07000195","Newcastle-under-Lyme","59750","71500","92950","106000","117500","122950","125000","118000","123000","116000","120000","122000","123550","127500","132000","138000","140000"
"E12000005","West Midlands","E07000196","South Staffordshire","99500","128000","149995","158500","167500","176500","180000","172250","175000","170000","171000","170000","175000","184975","192500","205000","212500"
"E12000005","West Midlands","E07000197","Stafford","84950","106950","129950","141950","147000","160000","162000","150000","155000","157000","153000","157000","165000","165000","174000","180000","185000"
"E12000005","West Midlands","E07000198","Staffordshire Moorlands","70000","87000","115000","125000","132500","140000","142000","128500","138000","135000","135000","136000","140000","149950","152000","157000","162000"
"E12000005","West Midlands","E07000199","Tamworth","79950","95000","119000","125250","133000","139000","136000","129000","136000","133000","129000","134950","142000","146950","160000","170000","182000"
"E12000005","West Midlands","E07000218","North Warwickshire","86250","104950","125000","135000","145000","148725","150000","145000","150000","142000","149000","145000","154000","160000","172500","180000","187000"
"E12000005","West Midlands","E07000219","Nuneaton and Bedworth","69000","83999.5","104166","117500","123000","127000","127750","118000","125500","123000","124995","125000","132000","136250","146000","154995","165000"
"E12000005","West Midlands","E07000220","Rugby","92250","110000","131000","143750","149000","155000","159972.5","142500","152500","151000","153000","157000","172000","178000","187500","202500","220000"
"E12000005","West Midlands","E07000221","Stratford-on-Avon","145000","175000","195250","210000","220500","230000","230000","225000","230000","230000","235000","240000","249999.5","260000","280000","289995","300000"
"E12000005","West Midlands","E07000222","Warwick","127500","150000","171000","185000","186025","199950","200000","186000","205000","205000","205000","214950","230150","245000","269000","275133.5","292500"
"E12000005","West Midlands","E08000025","Birmingham","75000","93000","115000","124000","127000","135000","133000","124500","130000","125000","125000","125000","134000","139000","148250","158000","167500"
"E12000005","West Midlands","E08000026","Coventry","69000","84000","102250","115000","120000","127500","125000","115000","120000","120000","120000","124000","130000","135500","148500","160000","170750"
"E12000005","West Midlands","E08000027","Dudley","77000","90950","112000","120000","127975","133000","135000","126000","135000","129975","129000","130000","135000","142000","149950","155000","161500"
"E12000005","West Midlands","E08000028","Sandwell","59950","76000","92500","104500","112000","120000","118000","109251","110000","109950","105000","107500","112000","117500","123000","130000","140000"
"E12000005","West Midlands","E08000029","Solihull","129950","157000","177500","189475","195000","200000","200000","185000","215000","205750","200000","207000","215000","232500","240000","260000","272500"
"E12000005","West Midlands","E08000030","Walsall","68000","82000","100334","115000","120000","124950","125000","120000","124000","120000","120000","121000","130000","130000","136995","145000","152000"
"E12000005","West Midlands","E08000031","Wolverhampton","63995","78000","94500","105000","115000","120000","122500","115000","115000","114950","112000","113750","120000","123500","128500","133000","140500"
"E12000005","West Midlands","E07000234","Bromsgrove","129950","151500","180000","189950","195000","201000","210000","185000","196250","200000","200000","200000","215000","230000","243000","260000","269250"
"E12000005","West Midlands","E07000235","Malvern Hills","135000","165000","180000","197000","204000","226250","221000","200000","207500","210500","207300","203000","215000","220000","235000","250000","264000"
"E12000005","West Midlands","E07000236","Redditch","89000","109000","126000","132000","139000","147000","146000","142500","145750","145000","142250","149000","156250","165000","175000","185000","190000"
"E12000005","West Midlands","E07000237","Worcester","95000","118000","136775","144000","153000","163000","165000","152000","156000","154950","159000","159140","163000","170000","180000","185000","192000"
"E12000005","West Midlands","E07000238","Wychavon","120000","154950","170000","187000","189950","205000","212000","182000","195000","199000","196000","193000","208000","218500","235000","245061.5","252000"
"E12000005","West Midlands","E07000239","Wyre Forest","87000","110000","132000","140000","143000","155000","152375","145000","150000","146250","144500","145000","149950","153000","160000","167000","180000"
"E12000006","East","E06000055","Bedford","102000","126000","140000","152500","161000","173500","174997.5","165000","171000","175000","176235","178000","189995","212000","227000","250000","265000"
"E12000006","East","E06000056","Central Bedfordshire","118000","140000","157000","167500","175000","186000","195000","175000","185000","188500","190000","191500","209972.5","230000","255150","280000","290000"
"E12000006","East","E06000032","Luton","88625","117000","130000","137240","145000","156000","160000","143000","150000","150000","150000","152750","164000","182000","218000","241000","251000"
"E12000006","East","E06000031","Peterborough","72000","88000","109995","119950","125000","135797.5","135000","125000","127250","125000","125000","125000","135100","145000","155000","165000","175000"
"E12000006","East","E06000033","Southend-on-Sea","96500","125000","146000","157000","163000","175000","180000","168000","176997.5","180000","180000","185000","197000","217500","239725","260000","280000"
"E12000006","East","E06000034","Thurrock","98000","127000","144995","156000","159000","169500","176000","160750","165000","170000","168000","173250","184997.5","210000","243000","265000","276375"
"E12000006","East","E07000008","Cambridge","160000","180500","190000","206500","220000","249950","249950","230000","250000","258000","270000","290000","315000","370000","400000","420000","415000"
"E12000006","East","E07000009","East Cambridgeshire","118500","139000","157500","169000","170000","185875","190000","168000","184975","184995","186000","196021","204000","229950","250000","270000","278975"
"E12000006","East","E07000010","Fenland","78000","94000","117000","127000","130000","135000","140000","125000","132000","130000","128500","127000","139997.5","147500","160000","175000","182000"
"E12000006","East","E07000011","Huntingdonshire","106000","128000","146997.5","156000","166500","175500","180000","167500","175000","172500","174997.5","177000","190000","210000","229000","250000","255000"
"E12000006","East","E07000012","South Cambridgeshire","152000","175000","187500","200000","215000","235000","246500","214000","233500","235000","242250","249999.5","259875","300000","330000","350000","350000"
"E12000006","East","E07000066","Basildon","109950","133500","153000","158000","170000","178000","184995","173000","185500","180000","188000","190000","200000","225000","258500","275000","288000"
"E12000006","East","E07000067","Braintree","113972.5","137995","155000","169000","172500","185000","189995","167500","180000","182000","183250","190000","203750","220000","245000","265000","275000"
"E12000006","East","E07000068","Brentwood","165000","196500","222000","238000","245000","262000","250000","250000","270000","275000","272000","275000","300000","330000","385750","405000","434500"
"E12000006","East","E07000069","Castle Point","119995","150000","169995","177000","180000","195000","205000","175000","193000","191750","195000","196997.5","210000","239995","263750","290000","295000"
"E12000006","East","E07000070","Chelmsford","131000","163000","179000","190000","195000","218000","220000","200000","219950","219000","223250","228000","242000","267000","300000","320000","335000"
"E12000006","East","E07000071","Colchester","109000","130000","150000","159995","165000","175000","178500","169000","175000","180000","179995","182500","188000","205000","227500","250000","260000"
"E12000006","East","E07000072","Epping Forest","175000","208000","225000","230000","245000","265000","275000","250000","280000","278500","281500","295000","330000","362500","408000","430000","445000"
"E12000006","East","E07000073","Harlow","108500","129900","140000","153500","157000","168000","171000","157000","165000","169497.5","170000","172000","185000","218500","250000","270000","270000"
"E12000006","East","E07000074","Maldon","130000","152950","179975","190000","195000","209950","220000","192000","200000","210000","205000","218500","228000","249997","279995","304000","317500"
"E12000006","East","E07000075","Rochford","132000","165000","181500","195000","198000","215000","226000","190000","210500","210000","210000","215000","228750","252500","289747.5","320000","327000"
"E12000006","East","E07000076","Tendring","92997.5","125000","140000","150000","155000","164000","170000","145000","151000","154000","152500","150000","160000","170000","181000","210000","222500"
"E12000006","East","E07000077","Uttlesford","170000","190000","215000","234972.5","242250","250000","269995","247500","265000","273550","270000","278500","304500","323750","350000","375000","393750"
"E12000006","East","E07000095","Broxbourne","143500","174995","187000","195000","199997.5","216000","220000","205000","220000","224000","223000","230000","249995","275000","325000","340000","350000"
"E12000006","East","E07000096","Dacorum","146000","175000","194000","205000","214000","230000","245000","220000","247500","247500","242500","249500","270000","306075","345000","375000","375000"
"E12000006","East","E07000242","East Hertfordshire","160000","189950","208000","220000","231750","247000","249999","232000","249995","250000","250000","263500","282000","315000","350000","375000","385000"
"E12000006","East","E07000098","Hertsmere","176000","205000","225000","228000","240000","262000","269975","250000","280000","288250","295000","301000","340000","375000","430000","470000","470000"
"E12000006","East","E07000099","North Hertfordshire","130000","159995","180000","187500","198000","215000","225000","200000","220000","230000","225000","225000","245000","275000","304000","330000","345000"
"E12000006","East","E07000240","St Albans","200000","235000","249000","258000","280000","307000","320850","298975","342500","350000","350000","365000","390050","448000","500000","525000","545000"
"E12000006","East","E07000243","Stevenage","108000","133000","142500","155000","156000","169995","173750","158000","165500","167950","165000","169000","187000","219000","250000","268000","275000"
"E12000006","East","E07000102","Three Rivers","182500","209950","234500","240000","250000","277000","275000","250000","290000","295000","305000","315000","340000","388000","450000","465000","470000"
"E12000006","East","E07000103","Watford","136950","163525","174950","184000","192000","215000","227000","200000","220000","220000","225000","230000","250000","290000","339000","362375","370000"
"E12000006","East","E07000241","Welwyn Hatfield","145000","169000","185600","195000","210000","219975","221500","217500","230000","235000","234500","243000","269450","295000","352250","370000","365000"
"E12000006","East","E07000143","Breckland","88995","110000","130000","139000","145000","163000","159995","148500","156000","150000","155000","153000","165000","174000","190000","200000","220000"
"E12000006","East","E07000144","Broadland","110000","133950","146000","157000","165000","181500","185000","157500","170000","167500","172000","175000","186000","203000","220000","233000","240000"
"E12000006","East","E07000145","Great Yarmouth","69972.5","87500","111475","116000","119950","135000","132500","125000","132000","125000","127000","133000","135000","145000","149725","161000","170000"
"E12000006","East","E07000146","King's Lynn and West Norfolk","87500","113000","130000","144150","148000","157000","160000","147925","155000","150000","149950","155000","160000","168000","180000","199950","208000"
"E12000006","East","E07000147","North Norfolk","103000","128000","150000","160000","167250","178000","185000","170000","180000","176000","174000","180000","190000","196000","217500","230000","240000"
"E12000006","East","E07000148","Norwich","84500","105000","118950","124000","132350","150000","151950","133000","143250","139250","139950","145000","155000","162500","172000","185000","194000"
"E12000006","East","E07000149","South Norfolk","110000","135000","152000","164000","175000","187000","186000","165000","175000","175000","175000","180000","190000","205000","220000","235000","243000"
"E12000006","East","E07000200","Babergh","124000","140000","160000","168000","176000","192500","196000","170000","190000","192500","195000","190000","210000","220000","248997.5","265000","265000"
"E12000006","East","E07000201","Forest Heath","93625","117000","132000","138000","143000","157000","164000","135000","147500","146975","149950","149999.5","160000","175000","186000","202500","213250"
"E12000006","East","E07000202","Ipswich","82500","97000","117375","123000","129950","141500","143000","125000","132000","134000","134000","135000","147000","157500","169000","184000","190000"
"E12000006","East","E07000203","Mid Suffolk","115000","133250","154000","165000","167500","180000","185975","167250","175000","180000","175000","175000","193500","208000","230000","257500","260000"
"E12000006","East","E07000204","St Edmundsbury","110000","130750","152500","164000","170000","180000","187902","170000","179000","183500","179475","186000","208000","227995","240000","259950","265250"
"E12000006","East","E07000205","Suffolk Coastal","120000","140000","165000","174225","179000","195000","206000","185000","205000","202000","199995","205000","219000","235000","252500","270000","280000"
"E12000006","East","E07000206","Waveney","75500","94950","118000","124500","130000","144995","149950","134950","145000","137750","140000","140000","150000","159995","162749.5","180000","186500"
"E12000007","London","E09000007","Camden","270000","279000","290000","315000","341000","397500","437500","410000","460000","490000","492250","575000","640000","675000","730000","775000","732600"
"E12000007","London","E09000001","City of London","240000","285000","292500","306000","320000","395000","399950","377500","430000","455000","445000","564500","675000","775000","795000","835000","725000"
"E12000007","London","E09000012","Hackney","168000","190000","204250","217500","230000","250000","274000","250000","300000","297650","322000","357250","415000","456200","510000","525000","532500"
"E12000007","London","E09000013","Hammersmith and Fulham","250000","270000","299999","313500","342000","395000","418000","420000","465000","462500","486000","555000","626203","695000","695000","745000","710750"
"E12000007","London","E09000014","Haringey","168500","190000","206000","223000","235000","250000","270000","250000","285000","305000","312000","339100","385000","435000","480000","520000","518000"
"E12000007","London","E09000019","Islington","231000","240000","246500","265000","289475","335000","350000","342000","365000","399950","420000","440000","525000","579500","577500","607500","585000"
"E12000007","London","E09000020","Kensington and Chelsea","386000","385000","449999","450000","499950","635000","665000","675000","750000","781250","875000","960000","1150000","1190000","1130000","1300000","1325000"
"E12000007","London","E09000022","Lambeth","182000","197000","215000","225000","240000","272000","280000","269000","305000","305000","315000","340000","409000","454975","495000","510000","505000"
"E12000007","London","E09000023","Lewisham","135000","160000","175000","184950","197500","218000","230000","215000","231000","240000","248000","250000","299995","348000","385000","415000","415000"
"E12000007","London","E09000025","Newham","129000","164000","181500","190000","201000","225000","230000","192750","210000","215000","218000","222000","249999","287500","330000","360000","375000"
"E12000007","London","E09000028","Southwark","185000","195000","215000","230000","240000","265000","270000","275000","305000","320000","320000","342500","395396","448975","480000","500000","500000"
"E12000007","London","E09000030","Tower Hamlets","185000","193750","215000","230000","239000","275000","295000","270000","300000","307500","310000","325000","370000","411444","450000","465000","462500"
"E12000007","London","E09000032","Wandsworth","225000","237000","250000","262000","290000","345000","355000","342500","382010","387000","400000","450000","520000","545000","595000","620225","607500"
"E12000007","London","E09000033","Westminster","300000","315000","335000","357500","385000","450000","499950","495000","550000","600000","595000","720000","795000","835000","870000","930600","910000"
"E12000007","London","E09000002","Barking and Dagenham","106000","136000","155000","164000","165000","180000","191175","165000","165000","170000","170000","177500","205500","235000","276000","300000","307500"
"E12000007","London","E09000003","Barnet","195000","225000","247500","250000","265000","290000","295000","290000","325000","330000","345000","360000","400000","440000","490000","527800","535000"
"E12000007","London","E09000004","Bexley","130000","157000","172000","182000","190000","208000","215000","195000","209995","218000","215000","225000","249995","280000","323660","340000","353000"
"E12000007","London","E09000005","Brent","175000","205000","225000","240000","249000","275000","283000","270000","285000","305000","322500","345000","385000","435000","467500","495000","504750"
"E12000007","London","E09000006","Bromley","168000","197000","215000","225000","236000","250000","260000","247500","270000","275000","280000","286000","330000","365130","410000","439950","445000"
"E12000007","London","E09000008","Croydon","140000","168000","183000","192000","199950","220000","230000","210500","220000","223000","228000","235000","250000","295000","335000","360000","372500"
"E12000007","London","E09000009","Ealing","181000","208000","228000","237500","245000","260000","280000","260000","277750","286250","300000","325000","370000","410000","457250","475000","473000"
"E12000007","London","E09000010","Enfield","145000","174995","189995","200000","210000","227000","237000","223000","236750","240000","244000","250000","280000","320000","375000","400000","393000"
"E12000007","London","E09000011","Greenwich","135000","160000","175000","188000","198000","215000","225000","212000","235000","240000","239725","249950","280000","320000","367722","387500","390625"
"E12000007","London","E09000015","Harrow","185000","225000","240750","248000","250000","275000","285000","260000","287000","300000","307000","325000","355000","410000","460000","495000","485000"
"E12000007","London","E09000016","Havering","137500","169500","185000","194000","200000","219000","227000","203500","219995","220000","225000","232500","250000","280000","327000","350000","360000"
"E12000007","London","E09000017","Hillingdon","158000","187000","205000","215000","225000","240000","248000","230000","248000","250000","250000","265000","295000","339950","395000","422000","421130"
"E12000007","London","E09000018","Hounslow","165000","186500","207000","220000","232000","248000","250000","240000","250000","250000","250000","275000","305000","335000","380000","390000","400000"
"E12000007","London","E09000021","Kingston upon Thames","187000","210000","227000","237500","247500","283000","295000","270000","297500","302000","310000","330000","370000","405000","455000","485000","485000"
"E12000007","London","E09000024","Merton","175000","198000","220000","229975","239975","250000","273358","250000","288000","298000","300000","325000","375000","399950","455000","460000","475000"
"E12000007","London","E09000026","Redbridge","157995","189995","216000","227000","235000","250000","258000","240000","250000","250000","262500","270000","295000","339000","385000","420000","432000"
"E12000007","London","E09000027","Richmond upon Thames","244950","257000","285000","295000","320000","370000","390000","350000","402000","420000","427250","470000","515000","572500","610000","640000","644500"
"E12000007","London","E09000029","Sutton","148500","170000","182250","196000","205000","225000","239250","215000","227500","237000","240000","250000","272000","312000","347750","372500","385000"
"E12000007","London","E09000031","Waltham Forest","140000","168000","185000","199000","208000","235000","240000","210000","225000","233000","242000","250000","306100","360000","413562.5","445000","452500"
"E12000008","South East","E06000036","Bracknell Forest","147950","170000","177500","184950","194950","215000","219950","196000","220000","213500","225000","230000","250000","280000","319950","330000","335000"
"E12000008","South East","E06000043","Brighton and Hove","141000","163000","176250","190000","199950","230000","237500","210000","235000","240000","240000","248950","270000","292000","320000","345000","346000"
"E12000008","South East","E06000046","Isle of Wight","100000","125000","146725","155000","167500","175000","180000","165000","175000","170000","172725","170000","177000","180000","190000","200000","203000"
"E12000008","South East","E06000035","Medway","89000","111700","128495","135250","140000","154995","157000","137100","150000","148000","147500","155000","165000","180000","210000","230000","240000"
"E12000008","South East","E06000042","Milton Keynes","105000","127000","145000","151500","158000","174000","175000","155000","168000","168000","174125","180000","190000","215500","236000","255000","262000"
"E12000008","South East","E06000044","Portsmouth","95000","118000","131000","138000","140000","152000","155000","139950","150000","148000","150000","150000","162000","169475","183000","199000","210000"
"E12000008","South East","E06000038","Reading","136000","155000","160687.5","170000","177500","199000","202250","180000","192500","190000","195000","205000","222500","249950","283750","300000","304475"
"E12000008","South East","E06000039","Slough","124000","144950","160000","171500","176000","189950","197500","175000","183000","190000","192250","202000","217500","246607.5","286000","318000","319975"
"E12000008","South East","E06000045","Southampton","105000","126675","140000","147000","152500","162500","165000","147975","162500","161375","160000","159000","167975","175000","190000","205000","217500"
"E12000008","South East","E06000037","West Berkshire","163000","181000","195000","210000","220000","238500","245000","229975","239250","245000","242000","249999","250000","285000","325000","335000","347500"
"E12000008","South East","E06000040","Windsor and Maidenhead","210000","240000","249950","268000","275000","307250","320000","295000","320000","325000","322500","333000","365000","410000","455000","477775","469000"
"E12000008","South East","E06000041","Wokingham","189950","214950","227000","240000","245000","272500","270000","249000","267500","275000","279950","282500","317500","350000","395500","407750","410000"
"E12000008","South East","E07000004","Aylesbury Vale","138000","155250","174000","184000","195000","214000","220000","202000","217000","226000","227000","226000","240000","260000","289000","315000","315000"
"E12000008","South East","E07000005","Chiltern","230500","267000","300000","295000","330000","345000","370000","345500","360000","368000","375000","368250","420000","447000","500000","530000","550000"
"E12000008","South East","E07000006","South Bucks","230000","272750","295000","319000","330000","375000","370000","340000","389950","381500","385000","385000","457750","465000","550000","542750","580000"
"E12000008","South East","E07000007","Wycombe","164000","187500","206000","220000","229950","246000","250000","242000","250000","252500","250000","275000","285000","320000","345000","370000","380000"
"E12000008","South East","E07000061","Eastbourne","108000","131250","150000","156000","160000","175000","183500","164950","180000","175000","173700","174000","185000","199950","217500","229950","238250"
"E12000008","South East","E07000062","Hastings","81500","102000","125000","130000","136000","145000","150000","137500","145000","147500","150000","154225","161500","167000","189950","204500","215000"
"E12000008","South East","E07000063","Lewes","137500","163000","182500","195000","202000","220000","235000","200000","220000","230000","225500","235000","249950","275000","290000","299950","315000"
"E12000008","South East","E07000064","Rother","127500","161000","176000","182000","190000","207750","220000","200000","215000","215000","217000","225000","226500","245000","265000","270000","282500"
"E12000008","South East","E07000065","Wealden","143000","175000","192500","208000","211000","227000","242500","211000","235000","230000","230000","235000","247500","270000","290000","305500","315000"
"E12000008","South East","E07000084","Basingstoke and Deane","139950","159000","175000","185000","189250","207995","212500","190000","218000","207000","218500","223000","232500","245000","276000","297250","305000"
"E12000008","South East","E07000085","East Hampshire","165000","189725","205000","221250","234000","249995","249995","240000","259995","260000","250000","260000","282000","305000","330000","356750","355000"
"E12000008","South East","E07000086","Eastleigh","130000","154250","173000","178000","185000","196000","203250","183000","195000","199850","205000","202000","218000","234950","250000","265000","277500"
"E12000008","South East","E07000087","Fareham","135500","160050","174000","180000","189000","202000","207750","185000","199950","200000","205000","207500","220000","239995","257000","280000","285000"
"E12000008","South East","E07000088","Gosport","88000","114250","127075","131000","137950","144000","147000","137000","143900","140500","146000","147500","155000","163875","178250","195000","203000"
"E12000008","South East","E07000089","Hart","181000","208000","222500","239950","243000","265000","277000","249950","270000","282750","282750","285000","317000","350000","375000","390500","395000"
"E12000008","South East","E07000090","Havant","124950","142250","164000","165000","175000","186375","189995","173000","189995","185000","185000","193750","207500","215000","235000","250000","260000"
"E12000008","South East","E07000091","New Forest","149000","180000","197000","215000","225000","237500","242866","220000","240000","245000","244950","245000","250000","280000","297000","315000","322250"
"E12000008","South East","E07000092","Rushmoor","130000","155000","162500","173000","177000","193000","207000","184975","202500","200000","200000","208000","225000","249950","272000","295000","295000"
"E12000008","South East","E07000093","Test Valley","149950","168975","190000","196500","215975","225000","240000","218000","230000","237000","235000","236000","245000","260000","279950","298000","300000"
"E12000008","South East","E07000094","Winchester","195000","221000","244000","249995","245000","275000","290000","250000","285000","302000","295000","305000","321750","350000","365000","410000","410000"
"E12000008","South East","E07000105","Ashford","118000","142000","164500","167000","179950","191500","196245","175000","190000","181000","186525","194500","213500","227000","240750","260000","275000"
"E12000008","South East","E07000106","Canterbury","118000","146500","168000","178000","182100","196000","205000","175000","200000","202000","202250","207500","225000","240000","262500","280000","293000"
"E12000008","South East","E07000107","Dartford","114250","137500","152000","159995","170000","182500","190000","175000","180000","185000","187000","195000","212000","235000","271500","288750","304000"
"E12000008","South East","E07000108","Dover","90000","110500","135000","142000","147500","165000","167000","150000","165000","155000","160000","163000","179000","186000","203000","220000","235000"
"E12000008","South East","E07000109","Gravesham","112000","135000","152000","160000","164000","178000","180000","168500","178500","178000","180000","188000","199995","221025","255000","275000","280000"
"E12000008","South East","E07000110","Maidstone","127375","150000","175000","182000","188250","202500","210000","184000","205000","200000","200000","206000","218000","245000","262500","282500","295000"
"E12000008","South East","E07000111","Sevenoaks","173000","197500","224500","230000","247000","264000","268375","267750","270000","285000","280000","285500","305000","350000","360000","385000","407000"
"E12000008","South East","E07000112","Folkestone and Hythe","95000","124000","144995","155000","164995","176000","180000","165000","175000","174750","175000","177500","182500","196500","215000","235000","245000"
"E12000008","South East","E07000113","Swale","93500","118000","135000","143500","149995","160000","167000","150000","157000","150000","158000","160000","175000","186000","215000","225000","240000"
"E12000008","South East","E07000114","Thanet","85995","110000","130000","140000","152000","164950","166000","150000","160000","153000","156000","157000","167950","177000","195950","216000","228000"
"E12000008","South East","E07000115","Tonbridge and Malling","149000","172000","192000","197500","215000","235000","237500","210000","232000","238000","230000","240000","250000","277000","315000","329000","340000"
"E12000008","South East","E07000116","Tunbridge Wells","150000","177500","200000","215000","227000","244950","247000","235000","250000","247000","250000","250000","265000","295000","325000","350000","367500"
"E12000008","South East","E07000177","Cherwell","129000","154375","168000","174000","184500","198000","201750","186500","205000","210000","209000","215000","232000","246500","275000","277500","290000"
"E12000008","South East","E07000178","Oxford","170000","198000","218000","228000","232250","250000","264500","237500","250000","260000","270000","285000","305000","338000","372000","396500","391000"
"E12000008","South East","E07000179","South Oxfordshire","175000","201000","217000","229950","241875","268000","270000","249999","275000","270000","280000","285000","305000","335000","355000","377500","385500"
"E12000008","South East","E07000180","Vale of White Horse","160000","183000","199950","210000","222000","244995","248000","220000","245000","245000","249950","249999","265000","285000","312500","325000","340000"
"E12000008","South East","E07000181","West Oxfordshire","156000","177000","199000","205000","218000","230000","230000","219975","235000","235000","239950","243000","250000","277500","299975","315000","325000"
"E12000008","South East","E07000207","Elmbridge","230000","250000","275000","285000","312000","349950","380000","355000","391206.5","385000","400000","425000","450000","485000","535000","578000","565000"
"E12000008","South East","E07000208","Epsom and Ewell","195000","225000","242000","249950","264250","295000","305000","250000","304500","310000","310000","323000","355000","400000","450000","482500","470500"
"E12000008","South East","E07000209","Guildford","185000","208000","230000","240000","249950","275000","280000","250000","295000","294000","295000","305301","330000","368000","410000","435000","445000"
"E12000008","South East","E07000210","Mole Valley","213000","237500","250000","285000","300000","310000","324000","305044","338500","348500","345000","375000","385000","420000","469000","499725","497500"
"E12000008","South East","E07000211","Reigate and Banstead","170000","199950","220000","229000","235000","250000","265000","246975","272500","270000","265000","281500","309950","340000","379950","392500","405000"
"E12000008","South East","E07000212","Runnymede","180000","205500","220000","230000","244750","260000","275000","250000","250000","270750","250000","275000","308975","337000","375000","398000","399950"
"E12000008","South East","E07000213","Spelthorne","171975","190000","206500","213125","225000","243000","247250","235000","245000","249950","250000","265000","285000","321000","365000","390000","382000"
"E12000008","South East","E07000214","Surrey Heath","190000","216000","229000","237500","246000","269950","270000","250000","276290","275000","280000","295000","310000","351500","375000","397250","405000"
"E12000008","South East","E07000215","Tandridge","181500","215000","235000","236700","250000","270750","280000","250000","286404","295000","285000","300000","321500","365000","387500","420000","414500"
"E12000008","South East","E07000216","Waverley","197000","229000","245000","250000","270000","295000","308500","290000","320000","329975","335000","340000","355000","385000","420000","450000","465000"
"E12000008","South East","E07000217","Woking","165000","190000","207500","220000","228650","247500","250000","238250","250000","259500","267500","275000","299950","328225","370000","396250","390000"
"E12000008","South East","E07000223","Adur","128500","150000","167125","177500","185000","204950","215000","183000","200000","203250","209950","217000","230000","260000","285000","300000","307000"
"E12000008","South East","E07000224","Arun","124950","150000","167500","179950","184000","204250","210000","182000","207500","200000","205000","210000","222500","237500","255000","270000","279950"
"E12000008","South East","E07000225","Chichester","159500","190000","220000","230000","239950","249950","250000","240000","250000","265000","270000","267500","285000","300000","332000","350000","365000"
"E12000008","South East","E07000226","Crawley","125000","145000","162725","170000","174000","190000","202000","174725","184500","185000","190000","195000","219975","240000","267000","282000","295000"
"E12000008","South East","E07000227","Horsham","166525","190000","215000","225000","236500","250000","260500","230000","260000","250000","265000","275000","295000","315000","350000","372500","370000"
"E12000008","South East","E07000228","Mid Sussex","157000","188000","209000","220000","225500","241100","249950","230000","245000","250000","247500","250000","279950","300000","339950","350000","360000"
"E12000008","South East","E07000229","Worthing","119997.5","145850","159500","166500","175000","192500","195000","175000","195000","196000","199725","203000","214975","235000","255000","270000","290000"
"E12000009","South West","E06000022","Bath and North East Somerset","139950","167500","185950","195000","204500","227000","225000","200000","229000","230000","232500","238500","245000","265000","287000","301875","315000"
"E12000009","South West","E06000028","Bournemouth","122500","147000","167000","175000","183000","195000","198000","175000","194000","199000","196000","198000","205000","215000","228000","240000","250000"
"E12000009","South West","E06000023","Bristol, City of","105000","128750","142000","150000","159000","174000","175000","160052.5","172500","172500","175000","176000","188000","209725","235000","255000","265000"
"E12000009","South West","E06000052","Cornwall","99950","135000","162500","177500","183975","195500","198000","178500","189000","190000","188000","187500","190000","200000","205000","215000","220000"
"E12000009","South West","E06000053","Isles of Scilly","185000","265000","300625","342500","295000","352500","327000","335000","300000","345000","335000","348750","237500","325000","287500","290000","322500"
"E12000009","South West","E06000024","North Somerset","107500","130000","150000","162000","169950","185000","189000","174950","188000","184950","183950","189000","200000","215000","224000","235000","250000"
"E12000009","South West","E06000026","Plymouth","75000","90000","115000","128950","135000","148500","145500","138000","144975","140000","140000","142000","151000","155000","162000","165000","170000"
"E12000009","South West","E06000029","Poole","131750","160000","180000","191750","196000","216250","220000","195000","210000","205000","210000","215000","230000","245000","260000","271000","280000"
"E12000009","South West","E06000025","South Gloucestershire","113500","135000","149000","158000","166000","184000","186000","169950","183900","177000","181000","184950","200000","215000","235000","250000","260000"
"E12000009","South West","E06000030","Swindon","107950","119000","129000","133000","140000","152000","153000","139972.5","153000","149972.5","146500","151000","160000","169000","188000","203000","212500"
"E12000009","South West","E06000027","Torbay","94000","119500","140000","155000","159000","170000","169950","154000","162000","159950","156000","160000","165000","170500","178000","184950","190000"
"E12000009","South West","E06000054","Wiltshire","127000","148000","167500","177000","185000","197000","200000","180495","198000","200000","200000","199950","210000","220000","237500","250000","260000"
"E12000009","South West","E07000040","East Devon","127500","160000","183000","193500","200000","220000","220475","205000","225000","222500","222000","216500","228000","242500","239950","263200","272500"
"E12000009","South West","E07000041","Exeter","104000","132000","153500","161000","168000","179105","184000","172000","178000","184000","182500","185000","189950","205000","212500","227000","240000"
"E12000009","South West","E07000042","Mid Devon","113000","135000","160000","169950","172500","187500","195000","175000","182000","187500","183500","191000","187500","199000","205000","211000","229500"
"E12000009","South West","E07000043","North Devon","112000","137000","162500","179000","187000","202751","195000","175000","195000","190000","194475","187500","199951","210000","215000","220000","230000"
"E12000009","South West","E07000044","South Hams","137000","172750","192000","219950","228000","247500","250000","225000","245000","242750","230000","240000","249000","270000","267500","275000","290000"
"E12000009","South West","E07000045","Teignbridge","115000","141000","164950","180000","185000","198000","197000","182500","196750","195000","193000","192000","198000","212500","218497.5","228000","235000"
"E12000009","South West","E07000046","Torridge","105000","130000","155000","169950","175000","182500","190000","170000","188000","180000","179000","174000","183000","191250","193000","207000","219950"
"E12000009","South West","E07000047","West Devon","115000","149500","175000","185000","199950","210000","215000","192500","191000","192500","191000","197500","197500","215000","224000","215000","235000"
"E12000009","South West","E07000048","Christchurch","152625","185000","212500","225000","227500","246225","250000","229950","247000","249950","250000","250000","265000","295000","312500","330000","352500"
"E12000009","South West","E07000049","East Dorset","169950","212500","230000","235000","244000","267500","270000","240000","260000","258250","265000","267500","287725","300000","325000","350000","358000"
"E12000009","South West","E07000050","North Dorset","129000","157250","177000","182250","190000","209950","220000","195000","211250","200000","205000","210000","219950","226500","240000","250000","261250"
"E12000009","South West","E07000051","Purbeck","139950","165000","195000","210000","220000","232000","236500","209000","230000","235000","230000","235000","245500","261500","275000","295000","293000"
"E12000009","South West","E07000052","West Dorset","136500","169950","190000","209500","217500","232000","236000","219875","229950","232250","233500","234975","235000","250000","260000","272250","280000"
"E12000009","South West","E07000053","Weymouth and Portland","102000","134000","145000","159000","172500","192000","189975","175000","180000","180000","180000","180000","182000","192000","195000","200000","215000"
"E12000009","South West","E07000078","Cheltenham","123000","140000","159475","173000","177500","185500","194000","175000","196000","195000","198000","200000","208000","220000","227000","249725","258000"
"E12000009","South West","E07000079","Cotswold","157750","193000","220000","235075","246500","250000","270000","250000","275000","268500","265000","270000","282250","295547","312250","320000","345000"
"E12000009","South West","E07000080","Forest of Dean","98250","123500","145000","156000","163000","181000","179725","162000","173500","168750","169375","160000","168000","177500","190000","197000","207000"
"E12000009","South West","E07000081","Gloucester","83375","103000","124000","128000","137000","152500","152250","135000","145000","136000","142500","145000","150000","160000","171250","180000","190000"
"E12000009","South West","E07000082","Stroud","118000","144000","165000","177500","179950","200000","205000","185000","188000","191500","185000","192000","205000","215250","227750","247000","260000"
"E12000009","South West","E07000083","Tewkesbury","115000","138625","157000","165500","170000","185000","195000","165000","185000","180000","185000","185000","200000","210000","223500","235000","246000"
"E12000009","South West","E07000187","Mendip","110000","134000","152500","167500","168000","185000","189975","172500","181750","182500","175000","180000","190000","200000","220000","235000","249950"
"E12000009","South West","E07000188","Sedgemoor","94000","120000","146000","152500","157000","172975","175000","156000","168000","164000","165400","167500","169950","178000","187500","200000","210000"
"E12000009","South West","E07000189","South Somerset","100000","129500","149725","160000","165000","179950","180000","170000","175000","175000","171500","173640","180000","190000","190000","205000","215000"
"E12000009","South West","E07000190","Taunton Deane","105000","129950","150000","166000","165000","179950","182000","170000","176000","175000","175000","174000","179000","189950","193000","197500","215000"
"E12000009","South West","E07000191","West Somerset","115000","148000","167500","178500","182500","194000","210000","184290","200000","188000","195000","196250","200000","205000","200000","229000","230000"
"W92000004","Wales","W06000001","Isle of Anglesey","67500","82000","115000","127250","135100","155950","150500","146000","150000","143000","145000","140000","145000","152500","160000","165000","167000"
"W92000004","Wales","W06000002","Gwynedd","59000","77000","99950","125000","136000","146000","145000","133500","138750","132000","134975","135000","135000","144000","141000","143500","150000"
"W92000004","Wales","W06000003","Conwy","69000","89990","116000","135000","140000","150000","149950","135000","145000","144500","138500","138000","144000","144000","149000","153500","157000"
"W92000004","Wales","W06000004","Denbighshire","59995","78000","97000","115000","125000","130000","131625","120000","127500","122000","124000","125000","124950","134000","135000","136500","140500"
"W92000004","Wales","W06000005","Flintshire","69000","85000","110000","125000","128000","140500","137500","130000","130025","130000","130000","129000","134000","140000","148000","150000","155500"
"W92000004","Wales","W06000006","Wrexham","63000","82950","109950","119950","129500","138000","138000","130000","135000","125000","130000","125000","132430","138000","144000","145000","147500"
"W92000004","Wales","W06000023","Powys","78850","95000","130000","144000","154000","165000","165000","150000","163000","155000","155000","155000","160000","162500","165000","172500","177000"
"W92000004","Wales","W06000008","Ceredigion","79000","99950","138000","150500","165000","178000","178750","163000","177000","170000","165000","158000","163500","167500","174500","176750","179475"
"W92000004","Wales","W06000009","Pembrokeshire","69000","92000","123000","140000","150000","165000","165000","164000","163000","154250","155975","151000","150000","157000","159000","162000","168000"
"W92000004","Wales","W06000010","Carmarthenshire","50000","65000","89000","109500","118000","128000","134000","120000","125000","119000","118000","113000","120000","124000","130000","132000","135000"
"W92000004","Wales","W06000011","Swansea","58000","72000","96000","112500","123950","130000","131000","125000","129000","122500","124250","123500","125000","128000","132125","137000","140000"
"W92000004","Wales","W06000012","Neath Port Talbot","43700","49000","67850","85000","89950","100000","105000","95500","90000","90000","90000","90000","93000","96000","100000","105000","110000"
"W92000004","Wales","W06000013","Bridgend","57000","70000","92000","105000","116500","124995","124950","116500","122950","116500","113000","120000","122000","125000","132999.5","141000","145000"
"W92000004","Wales","W06000014","Vale of Glamorgan","80000","95000","127500","136000","148000","159000","165000","165600","170000","164000","165000","170000","180000","179597.5","188500","197000","210000"
"W92000004","Wales","W06000015","Cardiff","89850","115000","135000","147000","150000","160000","159950","155000","160000","154000","160000","162125","165000","170000","178450","180250","194000"
"W92000004","Wales","W06000016","Rhondda Cynon Taf","40000","47000","61000","77950","86775","92500","92500","85000","85000","84000","84000","85000","88500","92500","100000","100000","103500"
"W92000004","Wales","W06000024","Merthyr Tydfil","36000","39950","52000","70000","80000","88225","90000","80000","79995","80000","80000","78000","82000","84000","85000","90000","91250"
"W92000004","Wales","W06000018","Caerphilly","50000","63000","83000","95000","107500","117000","118000","100000","105000","102000","101000","105000","114000","115000","120000","120000","125000"
"W92000004","Wales","W06000019","Blaenau Gwent","34500","36000","55000","70000","76500","83000","84000","72000","75000","70000","70000","70000","72500","76250","78000","82000","82500"
"W92000004","Wales","W06000020","Torfaen","52950","67950","86950","100000","108250","119950","120000","108500","110000","110000","112500","110000","113000","118000","124000","124950","130000"
"W92000004","Wales","W06000021","Monmouthshire","99000","125000","149475","170000","172000","192000","189000","173000","185000","183125","182750","175000","189500","206750","205000","220000","235000"
"W92000004","Wales","W06000022","Newport","66000","83500","109000","119950","127500","137000","136000","122250","125000","123000","122000","125000","125000","130000","137000","144000","150000"
NA,NA,NA,NA,NA,NA,NA,NA,NA,NA,NA,NA,NA,NA,NA,NA,NA,NA,NA,NA,NA
"Source: Office for National Statistics, Land Registry",NA,NA,NA,NA,NA,NA,NA,NA,NA,NA,NA,NA,NA,NA,NA,NA,NA,NA,NA,NA
NA,NA,NA,NA,NA,NA,NA,NA,NA,NA,NA,NA,NA,NA,NA,NA,NA,NA,NA,NA,NA
"Notes:",NA,NA,NA,NA,NA,NA,NA,NA,NA,NA,NA,NA,NA,NA,NA,NA,NA,NA,NA,NA
"1. House price statistics are based on Price Paid Data from the Land Registry. For more information, see the metadata section of this workbook or the full quality and methodology information for this release.",NA,NA,NA,NA,NA,NA,NA,NA,NA,NA,NA,NA,NA,NA,NA,NA,NA,NA,NA,NA
